{
  "config_version": {
    "id": "__default",
    "version": 0
  },
  "dimensions": [
    {
      "dim": 0,
      "biome": "plains",
      "dimensiontype": {
        "id": 0,
        "name": "Overworld",
        "suffix": "_dim0",
        "keeploaded": true,
        "worldprovider": "WorldProviderSurfaceJED"
      },
      "jed": {
        "CanRespawnHere": true,
        "CanDoLightning": false,
        "CanDoRainSnowIce": false,
        "SkyColor": "666699",
        "CanSpawnPeacefulMobs": false
      },
      "worldinfo_onetime": {
        "raining": false,
        "difficulty": "normal",
        "GameRules": {
          "doDaylightCycle": false,
          "doWeatherCycle": false,
          "naturalRegeneration": true
        },
        "DayTime": "10000",
        "generatorName": "voidworld"
      }
    },
    {
      "dim": 1215,
      "biome": "biomesoplenty:snowy_forest",
      "dimensiontype": {
        "id": 1215,
        "name": "Deep Freeze",
        "suffix": "_dim1215",
        "keeploaded": false,
        "worldprovider": "WorldProviderSurfaceJED"
      },
      "jed": {
        "CanRespawnHere": false,
        "RespawnDimension": 0,
        "CanSleepHere": "bed_explodes",
        "CanDoLightning": true,
        "CanDoRainSnowIce": true,
        "SkyColor": "111111",
        "FogColor": "444444",
        "CloudColor": "666666",
        "CanSpawnHostiles": false,
        "CanSpawnPeacefulMobs": false
      },
      "worldinfo_onetime": {
        "raining": true,
        "difficulty": "normal",
        "RandomSeed": "",
        "thundering": true,
        "GameRules": {
          "doDaylightCycle": false,
          "naturalRegeneration": false
        },
        "DayTime": "17000",
        "generatorName": "BIOMESOP"
      }
    },
    {
      "dim": 1216,
      "biome": "biomesoplenty:undergarden",
      "dimensiontype": {
        "id": 1216,
        "name": "Limbo",
        "suffix": "_dim1216",
        "keeploaded": false,
        "worldprovider": "WorldProviderHellJED"
      },
      "jed": {
        "SkyColor": "eeaaaa",
        "FogColor": "331111",
        "CloudColor": "ee9999",
        "CanRespawnHere": false,
        "RespawnDimension": 0,
        "CanSleepHere": "bed_explodes",
        "CanDoLightning": false,
        "CanDoRainSnowIce": false,
        "CloudRenderer": "DummyRenderer",
        "DisableDawnDuskColors": true,
        "HasXZFog": true,
        "IsSurfaceWorld": false,
        "MovementFactor": 8,
        "MusicType": "nether",
        "SkyRenderer": "DummyRenderer",
        "WeatherRenderer": "DummyRenderer",
        "CanSpawnHostiles": false,
        "CanSpawnPeacefulMobs": false
      },
      "worldinfo_onetime": {
        "difficulty": "normal",
        "RandomSeed": "",
        "GameRules": {
          "naturalRegeneration": false
        },
        "generatorName": "BIOMESOP"
      }
    },
    {
      "dim": 1217,
      "biome": "desert",
      "dimensiontype": {
        "id": 1217,
        "name": "Neverending Sun",
        "suffix": "_dim1217",
        "keeploaded": false,
        "worldprovider": "WorldProviderSurfaceJED"
      },
      "jed": {
        "CanRespawnHere": false,
        "RespawnDimension": 0,
        "CanSleepHere": "bed_explodes",
        "CanDoLightning": false,
        "CanDoRainSnowIce": false,
        "SkyColor": "666699",
        "FogColor": "9999aa",
        "CloudColor": "9999ee",
        "CanSpawnHostiles": false,
        "CanSpawnPeacefulMobs": false
      },
      "worldinfo_onetime": {
        "RandomSeed": "",
        "raining": false,
        "difficulty": "normal",
        "GameRules": {
          "doDaylightCycle": false,
          "doWeatherCycle": false,
          "naturalRegeneration": false
        },
        "generatorName": "default",
        "DayTime": "6000"
      }
    },
    {
      "dim": 1218,
      "biome": "biomesoplenty:glacier",
      "dimensiontype": {
        "id": 1218,
        "name": "Penultimata",
        "suffix": "_dim1218",
        "keeploaded": false,
        "worldprovider": "WorldProviderEndJED"
      },
      "jed": {
        "SkyColor": "111111",
        "CloudColor": "000000",
        "DisableEnderDragon": true,
        "DisableEndSpikes": true,
        "CanSpawnHostiles": false,
        "CanSpawnPeacefulMobs": false
      },
      "worldinfo_onetime": {
        "RandomSeed": "",
        "raining": false,
        "difficulty": "normal",
        "GameRules": {
          "doDaylightCycle": false,
          "doWeatherCycle": false,
          "naturalRegeneration": false
        },
        "generatorName": "BIOMESOP",
        "DayTime": "19000"
      }
    },
    {
      "dim": 1220,
      "biome": "biomesoplenty:ominous_woods",
      "dimensiontype": {
        "id": 1220,
        "name": "Ominous Woods",
        "suffix": "_dim1220",
        "keeploaded": false,
        "worldprovider": "WorldProviderSurfaceJED"
      },
      "jed": {
        "SkyColor": "111111",
        "CloudColor": "000000",
        "CanRespawnHere": false,
        "RespawnDimension": 0,
        "CanSleepHere": "bed_explodes",
        "CanDoLightning": true,
        "CanDoRainSnowIce": true,
        "DisableEnderDragon": true,
        "DisableEndSpikes": true,
        "CanSpawnHostiles": true,
        "CanSpawnPeacefulMobs": false
      },
      "worldinfo_onetime": {
        "RandomSeed": "",
        "raining": false,
        "difficulty": "hard",
        "GameRules": {
          "doDaylightCycle": false,
          "doWeatherCycle": false,
          "naturalRegeneration": false
        },
        "generatorName": "BIOMESOP",
        "DayTime": "19000"
      }
    }
  ]
}