{"stat.pickup.minecraft.wooden_slab":11,"stat.craftItem.ceramics.unfired_clay":51,"stat.pickup.forestry.crafting_material":9,"stat.leaveGame":17,"stat.useItem.tconstruct.mattock":139,"stat.drop.ceramics.clay_chestplate":1,"stat.craftItem.tconstruct.faucet":4,"stat.mineBlock.forestry.carpenter":1,"stat.mineBlock.minecraft.sandstone":3,"stat.craftItem.minecraft.string":9,"stat.useItem.minecraft.snow":25,"stat.drop.cyclicmagic.trash":1,"stat.useItem.minecraft.dirt":167,"stat.useItem.minecraft.stone_slab2":157,"stat.drop.tconstruct.tool_rod":1,"stat.pickup.minecraft.sand":3,"stat.useItem.minecraft.red_flower":9,"stat.craftItem.minecraft.furnace":4,"stat.drop.torcherino.blocktorcherino":1,"stat.mineBlock.cyclicmagic.trash":1,"stat.craftItem.minecraft.stone_pickaxe":7,"stat.pickup.minecraft.cobblestone":171,"stat.mineBlock.minecraft.wooden_slab":23,"stat.craftItem.tconstruct.casting":4,"stat.drop.forestry.bee_queen_ge":2,"stat.flyOneCm":28162,"stat.pickup.minecraft.sandstone":3,"stat.mineBlock.minecraft.snow_layer":45,"stat.pickup.dynamictrees.spruceseed":4,"stat.mineBlock.minecraft.sand":4,"stat.craftItem.minecraft.wooden_slab":576,"stat.pickup.forestry.bee_queen_ge":1,"stat.pickup.forestry.bee_chest":1,"stat.pickup.minecraft.cactus":68,"stat.drop.tombmanygraves.death_list":1,"stat.craftItem.forestry.sturdy_machine":2,"stat.pickup.gendustry.industrial_apiary":8,"stat.timeSinceDeath":37212,"stat.hopperInspected":12,"stat.useItem.minecraft.sign":1,"stat.useItem.minecraft.wooden_slab":269,"stat.pickup.thermalexpansion.dynamo":1,"stat.pickup.dynamictrees.darkoakseed":2,"stat.mineBlock.minecraft.hopper":1,"stat.craftItem.tconstruct.seared":18,"stat.drop.ceramics.clay_bucket":1,"stat.furnaceInteraction":92,"stat.craftItem.tconstruct.soil":122,"stat.craftItem.thermalfoundation.material":91,"stat.craftItem.forestry.apiarist_chest":2,"stat.craftItem.forestry.bee_house":56,"stat.useItem.tconstruct.edible":2,"stat.craftItem.minecraft.stone_slab2":0,"stat.drop.forestry.smoker":1,"stat.craftItem.tconstruct.tooltables":11,"stat.craftItem.forestry.portable_alyzer":2,"stat.sprintOneCm":178866,"stat.craftItem.minecraft.stick":236,"stat.craftItem.thermalexpansion.dynamo":2,"stat.mineBlock.thermalexpansion.dynamo":1,"stat.useItem.minecraft.snowball":2,"stat.drop.forestry.bee_drone_ge":172,"stat.pickup.forestry.bee_princess_ge":137,"stat.craftItem.minecraft.wooden_pressure_plate":56,"stat.useItem.forestry.bee_house":4,"stat.deaths":1,"stat.drop":325,"stat.playOneMinute":816505,"stat.useItem.tconstruct.seared":18,"stat.craftItem.forestry.apiarist_legs":2,"stat.pickup.minecraft.snowball":146,"stat.craftItem.minecraft.sandstone":20,"stat.pickup.dynamictrees.jungleseed":2,"stat.chestOpened":658,"stat.pickup.tconstruct.tooltables":1,"stat.drop.minecraft.nether_wart":4,"stat.craftItem.minecraft.sign":6,"stat.useItem.minecraft.stone":14,"stat.mineBlock.minecraft.deadbush":3,"stat.pickup.tombmanygraves.death_list":1,"stat.jump":581,"stat.craftItem.tconstruct.rack":2,"stat.fallOneCm":5547,"stat.craftItem.minecraft.water_bucket":26,"stat.crouchOneCm":46254,"stat.craftItem.minecraft.chest":33,"stat.pickup.minecraft.dirt":22,"stat.useItem.biomesoplenty.plant_1":11,"stat.craftItem.minecraft.hopper":2,"stat.useItem.contenttweaker.cooked_bee":237,"stat.craftItem.contenttweaker.cooked_bee":295,"stat.mineBlock.tconstruct.tooltables":1,"stat.mineBlock.gendustry.industrial_apiary":8,"stat.craftItem.tconstruct.pattern":36,"stat.damageTaken":3563,"stat.pickup.cyclicmagic.trash":1,"stat.mineBlock.minecraft.red_flower":40,"stat.craftItem.tconstruct.materials":116,"stat.drop.minecraft.water_bucket":2,"stat.pickup.forestry.carpenter":1,"stat.mineBlock.biomesoplenty.plant_1":11,"stat.pickup.biomesoplenty.plant_1":11,"stat.mineBlock.minecraft.snow":14,"stat.craftItem.ceramics.clay_chestplate":2,"stat.mineBlock.torcherino.blocktorcherino":1,"stat.craftItem.tconstruct.seared_tank":2,"stat.useItem.minecraft.stone_pickaxe":182,"stat.drop.tconstruct.tough_tool_rod":1,"stat.drop.forestry.bee_princess_ge":127,"stat.mineBlock.minecraft.dirt":22,"stat.drop.contenttweaker.cooked_bee":1,"stat.craftItem.forestry.apiarist_helmet":1,"stat.drop.minecraft.stick":4,"stat.walkOneCm":1663740,"stat.useItem.minecraft.chest":4,"stat.craftItem.tconstruct.smeltery_io":1,"stat.craftItem.forestry.carpenter":2,"stat.pickup.dynamictrees.birchseed":4,"stat.pickup.minecraft.stick":4,"stat.useItem.minecraft.cobblestone":3,"stat.craftItem.minecraft.crafting_table":3,"stat.craftItem.ceramics.clay_bucket":9,"stat.craftItem.exnihilocreatio.block_sieve":2,"stat.drop.cyclicmagic.glowing_chorus":2,"stat.pickup.minecraft.hopper":1,"stat.pickup.torcherino.blocktorcherino":1,"stat.craftItem.ceramics.clay_leggings":1,"stat.useItem.minecraft.cactus":62,"stat.craftItem.gendustry.industrial_apiary":19,"stat.useItem.minecraft.netherrack":10,"stat.craftItem.tconstruct.smeltery_controller":1,"stat.pickup.forestry.bee_drone_ge":117,"stat.pickup.dynamictrees.cactusseed":6,"stat.mineBlock.forestry.bee_chest":1,"stat.mineBlock.minecraft.cactus":38,"stat.craftItem.minecraft.bucket":2,"stat.craftItem.minecraft.planks":1,"stat.drop.dynamictrees.cactusseed":3,"stat.craftItem.minecraft.snow":30,"stat.pickup.minecraft.water_bucket":1,"stat.pickup.minecraft.red_flower":38,"stat.sneakTime":10157,"stat.craftItem.forestry.apiarist_boots":1,"stat.useItem.dynamictrees.cactusseed":1,"stat.pickup.minecraft.yellow_flower":1,"stat.craftItem.exnihilocreatio.item_mesh":2,"stat.mineBlock.minecraft.stone":170,"stat.useItem.minecraft.sandstone":12}